Workbook

Sheet Synthèse — 1er passage
A1: CAHIER DE RECETTE — SITE SPAA
A2: 1er passage — recette initiale · version testée : v1.2 (8 pages + script.js)
A4: Projet | B4: Site vitrine SPAA — refuge animalier (association loi 1901)
A5: Document associé | B5: Plan de tests SPAA et PV recette SPAA (PDF)
A6: Auteur du cahier | B6: Axel Royer
A7: Responsable de recette | B7: Axel Royer
A8: Date de la campagne | B8: 18 → 20 août 2026
A10: SUIVI GLOBAL
A11: Cas de test au total | B11: =COUNTA('Cas — 1er passage'!A2:A60) -> 59
A12: Exécutés (OK + KO) | B12: =B13+B14 -> 59
A13: Conformes (OK) | B13: =COUNTIF('Cas — 1er passage'!H2:H60,"OK") -> 58
A14: Non conformes (KO) | B14: =COUNTIF('Cas — 1er passage'!H2:H60,"KO") -> 1
A15: Non testés (NT) | B15: =COUNTIF('Cas — 1er passage'!H2:H60,"NT") -> 0
A16: Avancement | B16: =IF(B11=0,0,B12/B11) -> 1
A17: Taux de conformité | B17: =IF(B12=0,0,B13/B12) -> 0.98305085
A18: KO bloquants ouverts | B18: =COUNTIFS('Cas — 1er passage'!G2:G60,"Bloquante",'Cas — 1er passage'!H2:H60,"KO") -> 1
A20: Décision indicative | B20: =IF(B11=0,"—",IF(B18>0,"Recette refusée (KO bloquant)",IF(B16<1,"Recette en cours",IF(B14>0,"Recette avec réserves","Recette prononcée")))) -> Recette refusée (KO bloquant)
A21: La décision finale reste prononcée par le représentant SPAA dans le procès-verbal.
A23: SUIVI PAR MODULE
A24: Module | B24: Cas | C24: OK | D24: KO | E24: NT | F24: Conformité
A25: Navigation | B25: =COUNTIF('Cas — 1er passage'!B2:B60,A25) -> 6 | C25: =COUNTIFS('Cas — 1er passage'!B2:B60,A25,'Cas — 1er passage'!H2:H60,"OK") -> 6 | D25: =COUNTIFS('Cas — 1er passage'!B2:B60,A25,'Cas — 1er passage'!H2:H60,"KO") -> 0 | E25: =COUNTIFS('Cas — 1er passage'!B2:B60,A25,'Cas — 1er passage'!H2:H60,"NT") -> 0 | F25: =IF(C25+D25=0,0,C25/(C25+D25)) -> 1
A26: Responsive | B26: =COUNTIF('Cas — 1er passage'!B2:B60,A26) -> 5 | C26: =COUNTIFS('Cas — 1er passage'!B2:B60,A26,'Cas — 1er passage'!H2:H60,"OK") -> 5 | D26: =COUNTIFS('Cas — 1er passage'!B2:B60,A26,'Cas — 1er passage'!H2:H60,"KO") -> 0 | E26: =COUNTIFS('Cas — 1er passage'!B2:B60,A26,'Cas — 1er passage'!H2:H60,"NT") -> 0 | F26: =IF(C26+D26=0,0,C26/(C26+D26)) -> 1
A27: Accueil | B27: =COUNTIF('Cas — 1er passage'!B2:B60,A27) -> 8 | C27: =COUNTIFS('Cas — 1er passage'!B2:B60,A27,'Cas — 1er passage'!H2:H60,"OK") -> 8 | D27: =COUNTIFS('Cas — 1er passage'!B2:B60,A27,'Cas — 1er passage'!H2:H60,"KO") -> 0 | E27: =COUNTIFS('Cas — 1er passage'!B2:B60,A27,'Cas — 1er passage'!H2:H60,"NT") -> 0 | F27: =IF(C27+D27=0,0,C27/(C27+D27)) -> 1
A28: Association | B28: =COUNTIF('Cas — 1er passage'!B2:B60,A28) -> 4 | C28: =COUNTIFS('Cas — 1er passage'!B2:B60,A28,'Cas — 1er passage'!H2:H60,"OK") -> 4 | D28: =COUNTIFS('Cas — 1er passage'!B2:B60,A28,'Cas — 1er passage'!H2:H60,"KO") -> 0 | E28: =COUNTIFS('Cas — 1er passage'!B2:B60,A28,'Cas — 1er passage'!H2:H60,"NT") -> 0 | F28: =IF(C28+D28=0,0,C28/(C28+D28)) -> 1
A29: Nos animaux | B29: =COUNTIF('Cas — 1er passage'!B2:B60,A29) -> 9 | C29: =COUNTIFS('Cas — 1er passage'!B2:B60,A29,'Cas — 1er passage'!H2:H60,"OK") -> 9 | D29: =COUNTIFS('Cas — 1er passage'!B2:B60,A29,'Cas — 1er passage'!H2:H60,"KO") -> 0 | E29: =COUNTIFS('Cas — 1er passage'!B2:B60,A29,'Cas — 1er passage'!H2:H60,"NT") -> 0 | F29: =IF(C29+D29=0,0,C29/(C29+D29)) -> 1
A30: Actualités | B30: =COUNTIF('Cas — 1er passage'!B2:B60,A30) -> 2 | C30: =COUNTIFS('Cas — 1er passage'!B2:B60,A30,'Cas — 1er passage'!H2:H60,"OK") -> 2 | D30: =COUNTIFS('Cas — 1er passage'!B2:B60,A30,'Cas — 1er passage'!H2:H60,"KO") -> 0 | E30: =COUNTIFS('Cas — 1er passage'!B2:B60,A30,'Cas — 1er passage'!H2:H60,"NT") -> 0 | F30: =IF(C30+D30=0,0,C30/(C30+D30)) -> 1
A31: Agenda | B31: =COUNTIF('Cas — 1er passage'!B2:B60,A31) -> 2 | C31: =COUNTIFS('Cas — 1er passage'!B2:B60,A31,'Cas — 1er passage'!H2:H60,"OK") -> 2 | D31: =COUNTIFS('Cas — 1er passage'!B2:B60,A31,'Cas — 1er passage'!H2:H60,"KO") -> 0 | E31: =COUNTIFS('Cas — 1er passage'!B2:B60,A31,'Cas — 1er passage'!H2:H60,"NT") -> 0 | F31: =IF(C31+D31=0,0,C31/(C31+D31)) -> 1
A32: Conseils & FAQ | B32: =COUNTIF('Cas — 1er passage'!B2:B60,A32) -> 3 | C32: =COUNTIFS('Cas — 1er passage'!B2:B60,A32,'Cas — 1er passage'!H2:H60,"OK") -> 3 | D32: =COUNTIFS('Cas — 1er passage'!B2:B60,A32,'Cas — 1er passage'!H2:H60,"KO") -> 0 | E32: =COUNTIFS('Cas — 1er passage'!B2:B60,A32,'Cas — 1er passage'!H2:H60,"NT") -> 0 | F32: =IF(C32+D32=0,0,C32/(C32+D32)) -> 1
A33: Contact | B33: =COUNTIF('Cas — 1er passage'!B2:B60,A33) -> 6 | C33: =COUNTIFS('Cas — 1er passage'!B2:B60,A33,'Cas — 1er passage'!H2:H60,"OK") -> 6 | D33: =COUNTIFS('Cas — 1er passage'!B2:B60,A33,'Cas — 1er passage'!H2:H60,"KO") -> 0 | E33: =COUNTIFS('Cas — 1er passage'!B2:B60,A33,'Cas — 1er passage'!H2:H60,"NT") -> 0 | F33: =IF(C33+D33=0,0,C33/(C33+D33)) -> 1
A34: Mentions légales | B34: =COUNTIF('Cas — 1er passage'!B2:B60,A34) -> 2 | C34: =COUNTIFS('Cas — 1er passage'!B2:B60,A34,'Cas — 1er passage'!H2:H60,"OK") -> 1 | D34: =COUNTIFS('Cas — 1er passage'!B2:B60,A34,'Cas — 1er passage'!H2:H60,"KO") -> 1 | E34: =COUNTIFS('Cas — 1er passage'!B2:B60,A34,'Cas — 1er passage'!H2:H60,"NT") -> 0 | F34: =IF(C34+D34=0,0,C34/(C34+D34)) -> 0.5
A35: Robustesse | B35: =COUNTIF('Cas — 1er passage'!B2:B60,A35) -> 4 | C35: =COUNTIFS('Cas — 1er passage'!B2:B60,A35,'Cas — 1er passage'!H2:H60,"OK") -> 4 | D35: =COUNTIFS('Cas — 1er passage'!B2:B60,A35,'Cas — 1er passage'!H2:H60,"KO") -> 0 | E35: =COUNTIFS('Cas — 1er passage'!B2:B60,A35,'Cas — 1er passage'!H2:H60,"NT") -> 0 | F35: =IF(C35+D35=0,0,C35/(C35+D35)) -> 1
A36: Compatibilité | B36: =COUNTIF('Cas — 1er passage'!B2:B60,A36) -> 4 | C36: =COUNTIFS('Cas — 1er passage'!B2:B60,A36,'Cas — 1er passage'!H2:H60,"OK") -> 4 | D36: =COUNTIFS('Cas — 1er passage'!B2:B60,A36,'Cas — 1er passage'!H2:H60,"KO") -> 0 | E36: =COUNTIFS('Cas — 1er passage'!B2:B60,A36,'Cas — 1er passage'!H2:H60,"NT") -> 0 | F36: =IF(C36+D36=0,0,C36/(C36+D36)) -> 1
A37: Accessibilité | B37: =COUNTIF('Cas — 1er passage'!B2:B60,A37) -> 4 | C37: =COUNTIFS('Cas — 1er passage'!B2:B60,A37,'Cas — 1er passage'!H2:H60,"OK") -> 4 | D37: =COUNTIFS('Cas — 1er passage'!B2:B60,A37,'Cas — 1er passage'!H2:H60,"KO") -> 0 | E37: =COUNTIFS('Cas — 1er passage'!B2:B60,A37,'Cas — 1er passage'!H2:H60,"NT") -> 0 | F37: =IF(C37+D37=0,0,C37/(C37+D37)) -> 1
A39: MODE D'EMPLOI
A40: – Feuille « Cas de test » : renseigner uniquement les colonnes Statut (liste : OK / KO / NT), Résultat obtenu, Testeur et Date.
A41: – La 1re ligne (NAV-01) est un exemple de saisie en italique vert : à écraser lors de la vraie campagne.
A42: – OK = conforme au résultat attendu · KO = non conforme (ouvrir une fiche en feuille « Anomalies ») · NT = non testé.
A43: – Gravité définie au plan de tests : Bloquante = correction obligatoire avant mise en ligne ; Majeure = avant mise en ligne sauf dérogation ; Mineure = correction possible après.
A44: – Toutes les statistiques de cette feuille se recalculent automatiquement à partir de la colonne Statut.

Sheet Cas — 1er passage
A1: ID | B1: Module | C1: Page(s) | D1: Cas de test | E1: Étapes / mode opératoire | F1: Résultat attendu | G1: Gravité | H1: Statut | I1: Résultat obtenu / commentaire | J1: Testeur | K1: Date
A2: NAV-01 | B2: Navigation | C2: Toutes | D2: Retour accueil par le logo | E2: Depuis chacune des 8 pages, cliquer sur le logo « 🐾 SPAA » du header. | F2: Redirection vers index.html dans tous les cas. | G2: Bloquante | H2: OK | I2: Redirection vers index.html vérifiée depuis les 8 pages ; logo cliquable. | J2: A. Royer | K2: 18/08/2026
A3: NAV-02 | B3: Navigation | C3: Toutes | D3: Liens du menu principal | E3: Cliquer successivement sur les 7 entrées du menu depuis l'accueil, puis vérifier le menu sur chaque page atteinte. | F3: Chaque lien ouvre la bonne page (Accueil, L'association, Nos animaux, Actualités, Agenda, Conseils & FAQ, Contact). Aucun lien mort. | G3: Bloquante | H3: OK | I3: Les 7 entrées du menu ouvrent la bonne page ; aucun lien mort. | J3: A. Royer | K3: 18/08/2026
A4: NAV-03 | B4: Navigation | C4: Toutes | D4: Signalement de la page active | E4: Sur chaque page, observer le menu et inspecter le lien courant (F12). | F4: Le lien de la page courante est mis en évidence et porte aria-current="page". | G4: Majeure | H4: OK | I4: Lien courant mis en évidence, attribut aria-current="page" présent sur chaque page. | J4: A. Royer | K4: 18/08/2026
A5: NAV-04 | B5: Navigation | C5: Toutes | D5: Bouton « Adopter » du header | E5: Cliquer sur le bouton « Adopter » depuis 3 pages différentes. | F5: Redirection vers contact.html. | G5: Majeure | H5: OK | I5: Bouton « Adopter » → contact.html depuis les 3 pages testées. | J5: A. Royer | K5: 18/08/2026
A6: NAV-05 | B6: Navigation | C6: Toutes | D6: Liens du pied de page | E6: Tester les 4 liens « Le site » et le lien « Mentions légales » de la barre inférieure. | F6: Tous les liens aboutissent (animaux, actualités, agenda, blog, mentions légales). | G6: Majeure | H6: OK | I6: Les 4 liens « Le site » et le lien Mentions légales aboutissent tous. | J6: A. Royer | K6: 18/08/2026
A7: NAV-06 | B7: Navigation | C7: Toutes | D7: Ombre du header au défilement | E7: Faire défiler la page vers le bas (> 8 px) puis revenir tout en haut. | F7: Une ombre apparaît sous le header au défilement et disparaît en haut de page. | G7: Mineure | H7: OK | I7: Ombre du header apparaît au défilement (> 8 px) et disparaît en haut de page. | J7: A. Royer | K7: 18/08/2026
A8: RWD-01 | B8: Responsive | C8: Toutes | D8: Menu burger — ouverture | E8: Réduire la fenêtre sous le point de rupture mobile (ou 375 px via F12). Cliquer sur ☰. | F8: Le menu principal se déploie sous le header ; nouveau clic sur ☰ : il se referme. | G8: Bloquante | H8: OK | I8: Menu burger : ouverture puis fermeture au clic sur ☰ conformes à 375 px. | J8: A. Royer | K8: 18/08/2026
A9: RWD-02 | B9: Responsive | C9: Toutes | D9: Menu burger — fermeture auto | E9: Menu mobile ouvert, cliquer sur une entrée du menu. | F9: La page cible s'ouvre et le menu est refermé (case décochée par script.js). | G9: Majeure | H9: OK | I9: Fermeture automatique du menu au clic sur une entrée (case décochée). | J9: A. Royer | K9: 18/08/2026
A10: RWD-03 | B10: Responsive | C10: Toutes | D10: Menu burger sans JavaScript | E10: Désactiver JavaScript (F12 > paramètres), recharger, tester l'ouverture/fermeture du burger. | F10: Le menu fonctionne (mécanisme checkbox en CSS pur) ; seule la fermeture automatique après clic est perdue. | G10: Majeure | H10: OK | I10: Sans JavaScript, le burger CSS fonctionne ; seule la fermeture auto est perdue (attendu). | J10: A. Royer | K10: 18/08/2026
A11: RWD-04 | B11: Responsive | C11: Toutes | D11: Affichage 375 px | E11: Parcourir les 8 pages à 375 px de large. | F11: Aucun défilement horizontal ; grilles (cartes animaux, valeurs, actus, coordonnées) empilées en 1 colonne ; textes lisibles. | G11: Bloquante | H11: OK | I11: 375 px : aucun défilement horizontal, grilles en 1 colonne, textes lisibles. | J11: A. Royer | K11: 18/08/2026
A12: RWD-05 | B12: Responsive | C12: Toutes | D12: Affichage 768 px | E12: Parcourir les pages principales à 768 px. | F12: Mise en page intermédiaire cohérente, sans chevauchement ni débordement. | G12: Majeure | H12: OK | I12: 768 px : mise en page intermédiaire cohérente, sans chevauchement ni débordement. | J12: A. Royer | K12: 18/08/2026
... A60: ACS-04 | B60: Accessibilité | C60: Toutes | D60: Contrastes | E60: Contrôler au moyen des outils de développement (ou d'un vérificateur de contraste) les textes sur fonds colorés (boutons, bandes, badges). | F60: Rapport de contraste suffisant (≥ 4,5:1 pour le texte courant). | G60: Majeure | H60: OK | I60: Contrastes contrôlés : rapport ≥ 4,5:1 pour le texte courant. | J60: A. Royer | K60: 20/08/2026

Sheet Synthèse — 2e passage
A1: CAHIER DE RECETTE — SITE SPAA
A2: 2e passage — rejeu après correction · version testée : v1.2 (8 pages + script.js)
A4: Projet | B4: Site vitrine SPAA — refuge animalier (association loi 1901)
A5: Document associé | B5: Plan de tests (PDF)
A6: Auteur du cahier | B6: Axel Royer
A7: Responsable de recette | B7: Axel Royer
A8: Date de la campagne | B8: 21 août 2026 (rejeu de MEN-02)
A10: SUIVI GLOBAL
A11: Cas de test au total | B11: =COUNTA('Cas — 2e passage'!A2:A60) -> 59
A12: Exécutés (OK + KO) | B12: =B13+B14 -> 59
A13: Conformes (OK) | B13: =COUNTIF('Cas — 2e passage'!H2:H60,"OK") -> 59
A14: Non conformes (KO) | B14: =COUNTIF('Cas — 2e passage'!H2:H60,"KO") -> 0
A15: Non testés (NT) | B15: =COUNTIF('Cas — 2e passage'!H2:H60,"NT") -> 0
A16: Avancement | B16: =IF(B11=0,0,B12/B11) -> 1
A17: Taux de conformité | B17: =IF(B12=0,0,B13/B12) -> 1
A18: KO bloquants ouverts | B18: =COUNTIFS('Cas — 2e passage'!G2:G60,"Bloquante",'Cas — 2e passage'!H2:H60,"KO") -> 0
A20: Décision indicative | B20: =IF(B11=0,"—",IF(B18>0,"Recette refusée (KO bloquant)",IF(B16<1,"Recette en cours",IF(B14>0,"Recette avec réserves","Recette prononcée")))) -> Recette prononcée
A21: La décision finale reste prononcée par le représentant SPAA dans le procès-verbal.
A23: SUIVI PAR MODULE
A24: Module | B24: Cas | C24: OK | D24: KO | E24: NT | F24: Conformité
A25: Navigation | B25: =COUNTIF('Cas — 2e passage'!B2:B60,A25) -> 6 | C25: =COUNTIFS('Cas — 2e passage'!B2:B60,A25,'Cas — 2e passage'!H2:H60,"OK") -> 6 | D25: =COUNTIFS('Cas — 2e passage'!B2:B60,A25,'Cas — 2e passage'!H2:H60,"KO") -> 0 | E25: =COUNTIFS('Cas — 2e passage'!B2:B60,A25,'Cas — 2e passage'!H2:H60,"NT") -> 0 | F25: =IF(C25+D25=0,0,C25/(C25+D25)) -> 1
A26: Responsive | B26: =COUNTIF('Cas — 2e passage'!B2:B60,A26) -> 5 | C26: =COUNTIFS('Cas — 2e passage'!B2:B60,A26,'Cas — 2e passage'!H2:H60,"OK") -> 5 | D26: =COUNTIFS('Cas — 2e passage'!B2:B60,A26,'Cas — 2e passage'!H2:H60,"KO") -> 0 | E26: =COUNTIFS('Cas — 2e passage'!B2:B60,A26,'Cas — 2e passage'!H2:H60,"NT") -> 0 | F26: =IF(C26+D26=0,0,C26/(C26+D26)) -> 1
A27: Accueil | B27: =COUNTIF('Cas — 2e passage'!B2:B60,A27) -> 8 | C27: =COUNTIFS('Cas — 2e passage'!B2:B60,A27,'Cas — 2e passage'!H2:H60,"OK") -> 8 | D27: =COUNTIFS('Cas — 2e passage'!B2:B60,A27,'Cas — 2e passage'!H2:H60,"KO") -> 0 | E27: =COUNTIFS('Cas — 2e passage'!B2:B60,A27,'Cas — 2e passage'!H2:H60,"NT") -> 0 | F27: =IF(C27+D27=0,0,C27/(C27+D27)) -> 1
A28: Association | B28: =COUNTIF('Cas — 2e passage'!B2:B60,A28) -> 4 | C28: =COUNTIFS('Cas — 2e passage'!B2:B60,A28,'Cas — 2e passage'!H2:H60,"OK") -> 4 | D28: =COUNTIFS('Cas — 2e passage'!B2:B60,A28,'Cas — 2e passage'!H2:H60,"KO") -> 0 | E28: =COUNTIFS('Cas — 2e passage'!B2:B60,A28,'Cas — 2e passage'!H2:H60,"NT") -> 0 | F28: =IF(C28+D28=0,0,C28/(C28+D28)) -> 1
A29: Nos animaux | B29: =COUNTIF('Cas — 2e passage'!B2:B60,A29) -> 9 | C29: =COUNTIFS('Cas — 2e passage'!B2:B60,A29,'Cas — 2e passage'!H2:H60,"OK") -> 9 | D29: =COUNTIFS('Cas — 2e passage'!B2:B60,A29,'Cas — 2e passage'!H2:H60,"KO") -> 0 | E29: =COUNTIFS('Cas — 2e passage'!B2:B60,A29,'Cas — 2e passage'!H2:H60,"NT") -> 0 | F29: =IF(C29+D29=0,0,C29/(C29+D29)) -> 1
A30: Actualités | B30: =COUNTIF('Cas — 2e passage'!B2:B60,A30) -> 2 | C30: =COUNTIFS('Cas — 2e passage'!B2:B60,A30,'Cas — 2e passage'!H2:H60,"OK") -> 2 | D30: =COUNTIFS('Cas — 2e passage'!B2:B60,A30,'Cas — 2e passage'!H2:H60,"KO") -> 0 | E30: =COUNTIFS('Cas — 2e passage'!B2:B60,A30,'Cas — 2e passage'!H2:H60,"NT") -> 0 | F30: =IF(C30+D30=0,0,C30/(C30+D30)) -> 1
A31: Agenda | B31: =COUNTIF('Cas — 2e passage'!B2:B60,A31) -> 2 | C31: =COUNTIFS('Cas — 2e passage'!B2:B60,A31,'Cas — 2e passage'!H2:H60,"OK") -> 2 | D31: =COUNTIFS('Cas — 2e passage'!B2:B60,A31,'Cas — 2e passage'!H2:H60,"KO") -> 0 | E31: =COUNTIFS('Cas — 2e passage'!B2:B60,A31,'Cas — 2e passage'!H2:H60,"NT") -> 0 | F31: =IF(C31+D31=0,0,C31/(C31+D31)) -> 1
A32: Conseils & FAQ | B32: =COUNTIF('Cas — 2e passage'!B2:B60,A32) -> 3 | C32: =COUNTIFS('Cas — 2e passage'!B2:B60,A32,'Cas — 2e passage'!H2:H60,"OK") -> 3 | D32: =COUNTIFS('Cas — 2e passage'!B2:B60,A32,'Cas — 2e passage'!H2:H60,"KO") -> 0 | E32: =COUNTIFS('Cas — 2e passage'!B2:B60,A32,'Cas — 2e passage'!H2:H60,"NT") -> 0 | F32: =IF(C32+D32=0,0,C32/(C32+D32)) -> 1
A33: Contact | B33: =COUNTIF('Cas — 2e passage'!B2:B60,A33) -> 6 | C33: =COUNTIFS('Cas — 2e passage'!B2:B60,A33,'Cas — 2e passage'!H2:H60,"OK") -> 6 | D33: =COUNTIFS('Cas — 2e passage'!B2:B60,A33,'Cas — 2e passage'!H2:H60,"KO") -> 0 | E33: =COUNTIFS('Cas — 2e passage'!B2:B60,A33,'Cas — 2e passage'!H2:H60,"NT") -> 0 | F33: =IF(C33+D33=0,0,C33/(C33+D33)) -> 1
A34: Mentions légales | B34: =COUNTIF('Cas — 2e passage'!B2:B60,A34) -> 2 | C34: =COUNTIFS('Cas — 2e passage'!B2:B60,A34,'Cas — 2e passage'!H2:H60,"OK") -> 2 | D34: =COUNTIFS('Cas — 2e passage'!B2:B60,A34,'Cas — 2e passage'!H2:H60,"KO") -> 0 | E34: =COUNTIFS('Cas — 2e passage'!B2:B60,A34,'Cas — 2e passage'!H2:H60,"NT") -> 0 | F34: =IF(C34+D34=0,0,C34/(C34+D34)) -> 1
A35: Robustesse | B35: =COUNTIF('Cas — 2e passage'!B2:B60,A35) -> 4 | C35: =COUNTIFS('Cas — 2e passage'!B2:B60,A35,'Cas — 2e passage'!H2:H60,"OK") -> 4 | D35: =COUNTIFS('Cas — 2e passage'!B2:B60,A35,'Cas — 2e passage'!H2:H60,"KO") -> 0 | E35: =COUNTIFS('Cas — 2e passage'!B2:B60,A35,'Cas — 2e passage'!H2:H60,"NT") -> 0 | F35: =IF(C35+D35=0,0,C35/(C35+D35)) -> 1
A36: Compatibilité | B36: =COUNTIF('Cas — 2e passage'!B2:B60,A36) -> 4 | C36: =COUNTIFS('Cas — 2e passage'!B2:B60,A36,'Cas — 2e passage'!H2:H60,"OK") -> 4 | D36: =COUNTIFS('Cas — 2e passage'!B2:B60,A36,'Cas — 2e passage'!H2:H60,"KO") -> 0 | E36: =COUNTIFS('Cas — 2e passage'!B2:B60,A36,'Cas — 2e passage'!H2:H60,"NT") -> 0 | F36: =IF(C36+D36=0,0,C36/(C36+D36)) -> 1
A37: Accessibilité | B37: =COUNTIF('Cas — 2e passage'!B2:B60,A37) -> 4 | C37: =COUNTIFS('Cas — 2e passage'!B2:B60,A37,'Cas — 2e passage'!H2:H60,"OK") -> 4 | D37: =COUNTIFS('Cas — 2e passage'!B2:B60,A37,'Cas — 2e passage'!H2:H60,"KO") -> 0 | E37: =COUNTIFS('Cas — 2e passage'!B2:B60,A37,'Cas — 2e passage'!H2:H60,"NT") -> 0 | F37: =IF(C37+D37=0,0,C37/(C37+D37)) -> 1
A39: MODE D'EMPLOI
A40: – Feuille « Cas de test » : renseigner uniquement les colonnes Statut (liste : OK / KO / NT), Résultat obtenu, Testeur et Date.
A41: – La 1re ligne (NAV-01) est un exemple de saisie en italique vert : à écraser lors de la vraie campagne.
A42: – OK = conforme au résultat attendu · KO = non conforme (ouvrir une fiche en feuille « Anomalies ») · NT = non testé.
A43: – Gravité définie au plan de tests : Bloquante = correction obligatoire avant mise en ligne ; Majeure = avant mise en ligne sauf dérogation ; Mineure = correction possible après.
A44: – Toutes les statistiques de cette feuille se recalculent automatiquement à partir de la colonne Statut.

Sheet Cas — 2e passage
A1: ID | B1: Module | C1: Page(s) | D1: Cas de test | E1: Étapes / mode opératoire | F1: Résultat attendu | G1: Gravité | H1: Statut | I1: Résultat obtenu / commentaire | J1: Testeur | K1: Date
A2: NAV-01 | B2: Navigation | C2: Toutes | D2: Retour accueil par le logo | E2: Depuis chacune des 8 pages, cliquer sur le logo « 🐾 SPAA » du header. | F2: Redirection vers index.html dans tous les cas. | G2: Bloquante | H2: OK | I2: Redirection vers index.html vérifiée depuis les 8 pages ; logo cliquable. | J2: A. Royer | K2: 18/08/2026
A3: NAV-02 | B3: Navigation | C3: Toutes | D3: Liens du menu principal | E3: Cliquer successivement sur les 7 entrées du menu depuis l'accueil, puis vérifier le menu sur chaque page atteinte. | F3: Chaque lien ouvre la bonne page (Accueil, L'association, Nos animaux, Actualités, Agenda, Conseils & FAQ, Contact). Aucun lien mort. | G3: Bloquante | H3: OK | I3: Les 7 entrées du menu ouvrent la bonne page ; aucun lien mort. | J3: A. Royer | K3: 18/08/2026
A4: NAV-03 | B4: Navigation | C4: Toutes | D4: Signalement de la page active | E4: Sur chaque page, observer le menu et inspecter le lien courant (F12). | F4: Le lien de la page courante est mis en évidence et porte aria-current="page". | G4: Majeure | H4: OK | I4: Lien courant mis en évidence, attribut aria-current="page" présent sur chaque page. | J4: A. Royer | K4: 18/08/2026
A5: NAV-04 | B5: Navigation | C5: Toutes | D5: Bouton « Adopter » du header | E5: Cliquer sur le bouton « Adopter » depuis 3 pages différentes. | F5: Redirection vers contact.html. | G5: Majeure | H5: OK | I5: Bouton « Adopter » → contact.html depuis les 3 pages testées. | J5: A. Royer | K5: 18/08/2026
A6: NAV-05 | B6: Navigation | C6: Toutes | D6: Liens du pied de page | E6: Tester les 4 liens « Le site » et le lien « Mentions légales » de la barre inférieure. | F6: Tous les liens aboutissent (animaux, actualités, agenda, blog, mentions légales). | G6: Majeure | H6: OK | I6: Les 4 liens « Le site » et le lien Mentions légales aboutissent tous. | J6: A. Royer | K6: 18/08/2026
A7: NAV-06 | B7: Navigation | C7: Toutes | D7: Ombre du header au défilement | E7: Faire défiler la page vers le bas (> 8 px) puis revenir tout en haut. | F7: Une ombre apparaît sous le header au défilement et disparaît en haut de page. | G7: Mineure | H7: OK | I7: Ombre du header apparaît au défilement (> 8 px) et disparaît en haut de page. | J7: A. Royer | K7: 18/08/2026
A8: RWD-01 | B8: Responsive | C8: Toutes | D8: Menu burger — ouverture | E8: Réduire la fenêtre sous le point de rupture mobile (ou 375 px via F12). Cliquer sur ☰. | F8: Le menu principal se déploie sous le header ; nouveau clic sur ☰ : il se referme. | G8: Bloquante | H8: OK | I8: Menu burger : ouverture puis fermeture au clic sur ☰ conformes à 375 px. | J8: A. Royer | K8: 18/08/2026
A9: RWD-02 | B9: Responsive | C9: Toutes | D9: Menu burger — fermeture auto | E9: Menu mobile ouvert, cliquer sur une entrée du menu. | F9: La page cible s'ouvre et le menu est refermé (case décochée par script.js). | G9: Majeure | H9: OK | I9: Fermeture automatique du menu au clic sur une entrée (case décochée). | J9: A. Royer | K9: 18/08/2026
A10: RWD-03 | B10: Responsive | C10: Toutes | D10: Menu burger sans JavaScript | E10: Désactiver JavaScript (F12 > paramètres), recharger, tester l'ouverture/fermeture du burger. | F10: Le menu fonctionne (mécanisme checkbox en CSS pur) ; seule la fermeture automatique après clic est perdue. | G10: Majeure | H10: OK | I10: Sans JavaScript, le burger CSS fonctionne ; seule la fermeture auto est perdue (attendu). | J10: A. Royer | K10: 18/08/2026
A11: RWD-04 | B11: Responsive | C11: Toutes | D11: Affichage 375 px | E11: Parcourir les 8 pages à 375 px de large. | F11: Aucun défilement horizontal ; grilles (cartes animaux, valeurs, actus, coordonnées) empilées en 1 colonne ; textes lisibles. | G11: Bloquante | H11: OK | I11: 375 px : aucun défilement horizontal, grilles en 1 colonne, textes lisibles. | J11: A. Royer | K11: 18/08/2026
A12: RWD-05 | B12: Responsive | C12: Toutes | D12: Affichage 768 px | E12: Parcourir les pages principales à 768 px. | F12: Mise en page intermédiaire cohérente, sans chevauchement ni débordement. | G12: Majeure | H12: OK | I12: 768 px : mise en page intermédiaire cohérente, sans chevauchement ni débordement. | J12: A. Royer | K12: 18/08/2026
... A60: ACS-04 | B60: Accessibilité | C60: Toutes | D60: Contrastes | E60: Contrôler au moyen des outils de développement (ou d'un vérificateur de contraste) les textes sur fonds colorés (boutons, bandes, badges). | F60: Rapport de contraste suffisant (≥ 4,5:1 pour le texte courant). | G60: Majeure | H60: OK | I60: Contrastes contrôlés : rapport ≥ 4,5:1 pour le texte courant. | J60: A. Royer | K60: 20/08/2026

Sheet Anomalies
A1: ID | B1: Cas de test lié | C1: Page / module | D1: Description de l'anomalie | E1: Gravité | F1: Statut | G1: Correction apportée / commentaire | H1: Détectée le | I1: Corrigée le
A2: A-01 | B2: MEN-02 | C2: mentions-legales.html | D2: Placeholders non renseignés dans les mentions légales : adresse du siège, direction de publication et hébergeur encore entre crochets (détecté en recette). | E2: Bloquante | F2: Corrigée | G2: Éditeur renseigné (SPAA, siège à Pont-l'Évêque, présidente, RNA) et hébergeur OVHcloud ; aucun texte entre crochets restant. Cas MEN-02 rejoué OK. | H2: 20/08/2026 | I2: 21/08/2026
